NAME,species,id,temp_treatment,time,abiotic_stress,PSII,PSI,Photosystems,Light_reactions,Photorespiration,Calvin_cycle,Rubisco,Cytochrome_b6f,CHO_metabolism,glycolysis,TCA/_org_transformation,mitochondrial_electron_transport/ATP_synthesis,lipid_metabolism,secondary_metabolism,hormone_metabolism,redox,polyamine_metabolism,signalling,protein_folding,HSPs,protein,DNA,RNA,stress,ATP_synthase_chloroplastic,D1,D2,Rubisco_activase
X7acam11..7acam11_151218.wiff..sample.1..,euccam,acam-11,home,heatwave,283.0936097,1491.060408,582.9357565,2073.996164,2812.374231,249.2826914,2921.472781,1771.617197,90.35327649,149.2585766,89.43962545,83.99527145,67.12140821,50.49633551,105.3774765,20.12290927,230.3007825,1.089486376,54.33305709,88.57972856,224.0589761,729.4087305,76.50731614,96.99623238,290.6275567,563.9224195,76.09469701,97.82022816,186.1886144
X9acam11..9acam11_151218.wiff..sample.1..,euccam,acam-11,home,post_1day,265.1670384,1911.583193,777.6347336,2689.217927,3723.979873,383.0285435,4320.486608,2796.863823,89.4701478,193.2318266,103.5418477,103.0065191,81.97094146,58.18569473,131.4151651,27.78229663,290.9579892,1.135413257,61.15513309,95.79358527,200.1472222,840.2220981,65.32577958,117.5991203,273.4635939,826.6843597,82.36722577,122.8630479,211.9553026
X14acam11..14acam11_151214.wiff..sample.1..,euccam,acam-11,home,post_6day,239.8238235,1705.721808,653.1728702,2358.894678,3197.660646,277.3494637,3368.26453,2021.892931,58.52366674,161.9124477,86.19296435,89.79843298,68.78041153,47.80767484,88.72160046,19.53948701,234.544407,0.95497091,61.14938212,57.92203704,155.7706647,726.478407,101.0271343,102.2907656,246.2731844,686.8120646,66.5346072,176.3358813,251.4106783
X1acam11..1acam11_151216.wiff..sample.1..,euccam,acam-11,home,pre_heatwave,201.9409088,1380.484493,553.3605022,1933.844995,2694.047118,234.905428,3027.479838,1832.436239,63.96703731,180.8632109,77.43763287,84.51398624,70.21663671,43.31776855,54.13093001,19.58996048,192.7410451,1.133527285,56.88343214,53.99748062,134.8508603,743.0208155,77.62749141,103.6384246,207.0502928,607.9096309,54.33190777,133.3624235,192.6741308
X7acam25..7acam25_151218.wiff..sample.1..,euccam,acam-25,warm,heatwave,361.071344,1487.628427,591.0202265,2078.648653,2792.54458,274.7430155,3212.214604,1951.980563,68.82873149,146.2317967,78.46353903,73.24340435,66.40389652,51.61758767,135.1537195,18.0239312,245.9092416,0.459338184,53.85809264,103.926734,312.4251464,712.7201452,64.19413126,87.04285528,369.3244744,558.7719244,71.87326404,116.4248374,220.117615
X9acam25..9acam25_151216.wiff..sample.1..,euccam,acam-25,warm,post_1day,285.2141044,1914.669268,723.4930826,2638.16235,3424.067221,322.1442182,3827.510806,2282.947534,83.03603602,174.107137,85.85451195,85.21559873,74.88101365,59.4679525,140.6347395,21.71063746,288.8062659,0.54019697,60.02963955,95.40911549,222.8889886,742.8178106,72.79961361,103.1117121,293.0426439,597.3722868,98.12101553,181.1628786,269.1142206
X14acam25..14acam25_151218.wiff..sample.1..,euccam,acam-25,warm,post_6day,205.2612752,1529.495896,655.9789006,2185.474796,2964.535305,269.4236639,2783.975996,1575.218312,77.09398533,182.3138424,75.67014229,76.02422374,75.2508167,58.95826803,125.0443982,20.19425017,242.6124679,0.628879548,54.23418117,59.06311983,151.0044235,651.9833795,61.66488769,98.82820481,210.5043039,634.2853521,74.6233747,117.4429754,184.8595153
X1acam25..1acam25_151218.wiff..sample.1..,euccam,acam-25,warm,pre_heatwave,147.7723213,1511.808142,638.1181468,2149.926289,2797.535451,219.5744032,2554.24692,1450.579433,72.20655058,178.5917097,64.79426068,66.93188761,63.20443685,43.47274616,84.40876256,19.24607842,197.1270783,0.596270918,45.17744269,44.55741284,97.91664191,557.2272596,51.53839629,86.1596959,151.4746253,487.9065209,72.63901543,121.5481553,139.9952825
X7acam27..7acam27_151218.wiff..sample.1..,euccam,acam-27,warm,heatwave,328.7582217,1571.584475,709.5482815,2281.132757,3125.596703,246.5524851,2802.096631,1678.755693,56.17326542,162.9664422,86.55140582,82.65283716,72.53955588,62.7039958,105.1788932,17.76904469,254.2291003,0.421858215,56.40205282,93.54976931,262.9229595,695.968163,76.2752962,96.62072526,336.5954262,693.8399302,77.79385157,113.9150051,171.9441937
X9acam27..9acam27_151216.wiff..sample.1..,euccam,acam-27,warm,post_1day,325.0731671,1678.328103,679.139894,2357.467997,3061.279352,264.9332702,2840.708476,1661.934469,47.7700526,157.4689015,91.41000038,91.02643239,70.93095022,43.09982352,101.056976,17.99997874,261.3634424,0.32642703,60.05631612,111.1178281,245.7898228,763.278629,84.7659172,104.7700924,332.6937087,553.4929682,63.8683613,144.8216604,189.9734161
X14acam27..14acam27_151216.wiff..sample.1..,euccam,acam-27,warm,post_6day,215.5060228,1496.441124,644.1240819,2140.565206,2823.114978,233.7194772,2518.161372,1525.639729,48.97762666,153.4116676,74.1648627,78.79817389,69.11631333,47.16704771,78.91252835,18.99739554,220.906219,0.268500707,51.40743889,54.93331019,143.5762753,610.6665876,87.56609187,88.20478619,221.6657558,543.6496423,55.60873492,139.9976211,156.7000334
X1acam27..1acam27_151218.wiff..sample.1..,euccam,acam-27,warm,pre_heatwave,192.5291288,1559.830423,700.3071011,2260.137524,3236.206677,240.0605215,2643.570257,1485.66142,69.93191089,190.3220652,79.25235469,85.39013173,75.8487957,60.69047663,83.86442338,19.86160035,228.9711082,0.585873867,53.25062575,54.5081464,123.6324115,676.0701708,73.03399354,106.7486441,197.4159422,836.265984,82.5004007,127.3058905,169.6891987
X7acam28..7acam28_151216.wiff..sample.1..,euccam,acam-28,warm,heatwave,244.6937033,1517.47879,563.7572503,2081.236041,2744.30327,257.1447981,2846.455342,1566.343627,59.48958921,165.0143417,82.19618319,84.27807452,66.28179728,38.7662592,109.1296424,15.77887628,232.4781146,0.591211129,51.49925435,82.38504454,189.9750812,662.8976221,62.83279668,81.25397028,251.3095238,511.6735952,54.63315009,130.2131971,246.9612069
X9acam28..9acam28_151214.wiff..sample.1..,euccam,acam-28,warm,post_1day,205.9656133,1543.6116,554.1351853,2097.746785,2716.332708,231.0211403,3053.265245,1903.313185,56.57803545,148.1488949,76.83111955,75.09934731,61.03698251,59.37411323,91.00618644,15.89495631,214.5575545,0.554933273,46.51276144,75.30896105,152.4499642,596.6675445,65.99749914,74.55552908,212.0431905,480.0759322,64.95430281,147.5232415,196.196819
X14acam28..14acam28_151214.wiff..sample.1..,euccam,acam-28,warm,post_6day,226.220901,1162.711615,405.6233906,1568.335006,1964.93971,170.8041545,1944.519405,1181.800858,44.89296616,128.5563368,77.32829236,76.00322986,67.67708914,46.43120864,68.77155591,15.91854943,207.7365512,0.740306545,46.43473814,50.81204962,175.2283275,629.341577,66.69330291,70.34202453,232.0644108,290.1520696,42.60956628,118.6941489,116.5156829
X1acam28..1acam28_151216.wiff..sample.1..,euccam,acam-28,warm,pre_heatwave,172.9101691,1633.094222,639.8005056,2272.894727,3130.024461,251.564079,2867.624885,1646.858791,69.20270603,181.2879618,75.2228942,73.84650833,65.06302653,52.8774398,72.68803496,17.02088636,211.5362368,0.665893085,49.14081061,50.94907313,121.4689252,618.2082289,57.69072947,84.95936731,176.8171759,694.4309356,79.48881857,147.1033752,175.1444902
X7acam7..7acam7_151214.wiff..sample.1..,euccam,acam-7,home,heatwave,302.552648,1502.50959,602.1233947,2104.632985,2817.803822,246.2230461,2709.366427,1514.839094,102.3446412,169.9852516,83.08868164,90.41510523,68.67827488,42.63157927,103.1992567,15.97596828,242.2727939,0.421352131,58.44136658,84.51511255,230.4724821,681.3820035,71.9892112,88.40252197,309.8444185,522.2709652,67.17266792,143.7744513,236.2662362
X9acam7..9acam7_151218.wiff..sample.1..,euccam,acam-7,home,post_1day,241.0432256,1731.253104,709.1702942,2440.423398,3385.910689,313.9371937,3193.478254,1997.35048,84.76220659,161.044512,83.29148558,87.37157045,74.58304887,44.22664842,100.3155354,21.08480998,244.0417784,1.179934136,54.59456255,77.74675502,186.0267766,700.094154,59.17584849,92.62232566,247.2661004,762.4007886,85.40122928,129.8094743,178.9800514
X14acam7..14acam7_151214.wiff..sample.1..,euccam,acam-7,home,post_6day,201.0825634,1677.377463,533.931092,2211.308555,2941.959353,295.2726589,3286.613741,1923.667104,82.45023501,182.3865931,79.04718794,90.27055533,69.29248109,33.63572971,85.66348986,18.68471143,245.4766402,0.400555255,48.56074788,55.79474656,136.3885797,633.7718165,65.76253838,80.8596982,206.1747325,545.7460289,64.12453365,175.9857822,248.0854419
X1acam7..1acam7_151218.wiff..sample.1..,euccam,acam-7,home,pre_heatwave,181.8473277,1423.438772,666.4015541,2089.840326,3024.776826,261.6356183,3146.770011,2045.16425,82.50954376,191.714333,86.37943173,91.53739886,75.21682444,37.41185889,71.63250818,20.32861877,210.8113409,1.359091253,54.72620399,53.41864745,132.6153098,729.4452333,37.68176091,101.1982837,186.7548559,750.5678086,56.69952678,87.05596752,137.4563013
X7acam8..7acam8_151216.wiff..sample.1..,euccam,acam-8,home,heatwave,321.3934788,1402.632264,562.4595384,1965.091802,2656.426698,257.1332438,3038.161279,1820.236253,60.03707058,160.3936928,90.1173101,87.64767074,64.38352087,59.0340067,105.5904659,20.0361639,255.9355378,0.84727,57.0375951,103.2750126,255.1792366,742.7320792,70.68135322,89.10941722,330.576128,548.2958719,53.76003831,134.467761,245.6452377
X9acam8..9acam8_151218.wiff..sample.1..,euccam,acam-8,home,post_1day,239.8492358,854.5233704,378.8887128,1233.412083,1691.542425,165.3353831,2026.878094,1292.119536,41.60957187,137.9375534,81.15894203,75.84025747,54.67176617,56.99389063,86.30266601,19.86961671,173.2573972,0.576885781,53.65855867,83.5137723,182.5812111,641.4649131,64.90833476,81.61920958,246.0874235,362.3488582,35.86179945,52.90387884,128.3234733
X14acam8..14acam8_151218.wiff..sample.1..,euccam,acam-8,home,post_6day,230.2435478,1458.64922,628.7521655,2087.401385,3001.29014,268.8207134,2713.359705,1546.122083,77.98335336,184.9166677,92.81319294,92.63181012,72.87542003,51.12943995,96.89659703,22.40549958,244.5583063,0.809857576,59.65150124,65.26781873,155.2578382,712.5093531,69.1214337,100.9476753,236.0605282,771.350027,73.85747339,121.9489451,177.3954345
X1acam8..1acam8_151218.wiff..sample.1..,euccam,acam-8,home,pre_heatwave,246.2241488,1649.627243,775.273186,2424.900429,3759.057938,339.1916134,4550.045676,2935.073376,91.82553239,245.7549154,124.9935757,118.1684067,86.02919649,57.91092139,83.51466373,28.89847593,312.3316178,1.261239699,68.18127677,84.58505195,178.9132766,1025.709907,59.62960129,145.1151803,251.6638503,1110.933489,77.05375053,120.036217,288.035242
X7bot2..7bot2_151218.wiff..sample.1..,eucbot,bot-2,home,heatwave,418.6031401,867.0901439,433.5683963,1300.65854,1755.715699,153.3743446,2096.116761,1366.368219,34.61976646,85.72862599,67.60594201,66.63583428,56.3200327,39.80212246,85.41563555,16.09729518,164.3502212,0.422587046,42.92683272,78.08405653,380.0923291,532.1006775,46.78618179,65.19804852,426.6359557,366.2778543,36.66566447,48.21452488,136.85006
X9bot2..9bot2_151218.wiff..sample.1..,eucbot,bot-2,home,post_1day,294.6591724,895.9117086,421.6971258,1317.608834,1763.086382,133.3931738,1755.195726,1122.125683,37.33806805,92.08534633,73.0309882,69.52580528,60.55634888,53.51822925,73.87740821,18.059804,159.5875746,0.825271751,47.07234654,83.57870959,251.9116677,591.5100687,59.54192396,71.66857472,302.2160197,359.5739302,39.19660897,53.5039555,141.9922204
X14bot2..14bot2_151218.wiff..sample.1..,eucbot,bot-2,home,post_6day,142.3202254,768.8340078,370.5702984,1139.404306,1554.523521,126.0161327,1607.504615,1027.020981,37.36200064,99.32903277,53.01184931,59.82564319,49.8505125,42.98363413,64.53386156,16.97773148,123.5255423,0.309438875,35.58980141,39.08918244,101.042485,438.5733244,48.81703588,61.52077005,146.1886434,330.9070637,35.25570699,47.67957455,110.3765577
X1bot2..1bot2_151216.wiff..sample.1..,eucbot,bot-2,home,pre_heatwave,181.0177346,1239.656797,567.8082201,1807.465018,2480.76728,225.733456,3001.874751,1859.690568,85.76826646,163.7231695,72.20116843,86.98366838,71.45127925,51.08318104,83.50302819,31.82472787,203.4407206,0.420712511,49.84962359,54.43255012,125.7823245,666.6911653,58.211919,94.29142343,186.2966006,501.3398015,43.48491678,101.7610558,229.0789027
X3bot24..3bot24_151216.wiff..sample.1..,eucbot,bot-24,warm,heatwave,339.38425,769.5426243,301.7782067,1071.320831,1373.656111,126.5717071,1409.627999,839.3870291,27.55111454,82.77591662,52.66290251,55.7169824,43.97043985,30.31075343,74.29789036,11.27827745,145.8490588,0.512606727,34.94517215,63.03643374,304.6114094,415.2847969,43.68745313,48.19098007,345.7256985,240.8454318,26.21358497,59.8170789,81.73950828
X9bot24..9bot24_151216.wiff..sample.1..,eucbot,bot-24,warm,post_1day,194.1960483,505.7808606,184.6047762,690.3856368,864.7989238,85.98079546,936.804425,583.9437349,17.39051786,57.40209187,37.18296775,39.34775968,28.35327195,19.50820192,59.87162554,8.268150729,92.2239768,0.337273659,23.07001501,41.28883671,168.2861574,277.7200891,26.0639323,32.1731156,198.248171,133.6942476,18.7264103,43.43596048,49.6153493
X14bot24..14bot24_151214.wiff..sample.1..,eucbot,bot-24,warm,post_6day,182.2723336,771.1760367,337.4138312,1108.589868,1429.839952,119.4126832,1359.68837,824.4404401,29.52078556,98.84881375,56.72652954,65.35774872,44.54003091,52.44858163,84.00820592,16.60182103,144.6130305,0.693441018,36.67435848,36.19566616,139.9347171,428.9131458,51.88235612,54.0919753,186.9314355,257.2817606,43.57356727,73.41146111,92.19476673
X1bot24..1bot24_151214.wiff..sample.1..,eucbot,bot-24,warm,pre_heatwave,141.0449229,929.513099,362.4715333,1291.984632,1696.197177,147.5083276,2164.615264,1362.392222,37.30464678,127.9444519,56.57178907,66.83601157,57.02839644,60.84058671,89.38965876,15.57606821,157.3458482,0.98888957,38.92903928,39.56146613,96.75988451,498.9499871,53.60496131,69.9521196,145.4906683,317.8702134,31.3371152,81.24631546,142.2122732
X7bot27..7bot27_151218.wiff..sample.1..,eucbot,bot-27,warm,heatwave,312.7045719,512.4852887,237.6684107,750.1536994,1014.485581,94.31231592,1178.492995,705.0373757,21.41565607,73.1820415,49.00264758,48.32951769,44.20235941,29.26820316,58.67053297,15.91774423,116.5630258,0.28521977,30.89452876,60.24878749,273.3677101,386.3602068,33.24447987,47.70487572,317.9228673,211.5132966,20.76897478,28.84971223,68.92429201
X9bot27..9bot27_151218.wiff..sample.1..,eucbot,bot-27,warm,post_1day,190.6108195,431.7880209,197.1840727,628.9720937,819.378482,71.41656197,898.7976787,556.928912,27.41514085,64.8957322,46.78626022,43.04429689,36.86613832,24.49179643,51.53900465,15.99870686,94.19007344,0.256063363,26.03261651,46.73202748,163.2662611,333.7328634,26.9195775,39.48654118,194.8649699,139.7705642,18.30278873,28.84810449,48.19096659
X14bot27..14bot27_151218.wiff..sample.1..,eucbot,bot-27,warm,post_6day,158.627325,622.5052929,282.1383218,904.6436147,1266.327957,115.2344136,1487.111955,908.9805842,46.79091578,121.1969565,64.9170631,63.40250536,57.76365589,47.11861083,77.8878754,26.76800791,136.8210448,0.404400049,39.70326221,43.40391446,118.0582138,479.2386579,46.74242085,64.03927036,162.9309003,274.9318922,27.8964339,45.05112898,68.97338972
X1bot27..1bot27_151216.wiff..sample.1..,eucbot,bot-27,warm,pre_heatwave,135.7731633,1139.412281,465.4244409,1604.836722,2155.989921,166.5106666,2170.073654,1257.300779,49.42025411,141.576631,53.54689858,67.50607113,61.90276103,29.59887553,73.10670669,28.59322413,160.3916763,0.686217712,37.26216698,38.47054288,84.81268619,465.476665,50.85184101,66.79680527,139.1941304,438.5085293,43.24838358,105.8149262,109.4253174
X7bot30..7bot30_151218.wiff..sample.1..,eucbot,bot-30,warm,heatwave,294.035477,418.7705072,177.7391489,596.5096561,773.2711885,75.22736196,865.138913,493.1990112,15.6003167,64.16130796,48.00927358,41.9589456,40.29424198,29.56765822,47.75282713,12.18140022,104.1846238,0.3353717,31.68264067,51.73532507,270.6122866,364.5599631,32.23726981,40.78348906,298.9774218,137.4314594,24.32767861,28.38744505,63.73197745
X9bot30..9bot30_151218.wiff..sample.1..,eucbot,bot-30,warm,post_1day,308.8399487,580.6930771,272.7556184,853.4486954,1092.799453,107.6272012,1316.671704,848.8998336,23.93423552,71.72752434,50.71758454,50.37202566,45.08254762,25.82839721,52.53344165,13.90041118,124.3188801,0.347912699,30.86473598,64.07282923,278.0453779,423.0444584,33.62742643,49.80748403,314.369386,181.4636157,19.08649865,31.36934463,81.46599792
X14bot30..14bot30_151218.wiff..sample.1..,eucbot,bot-30,warm,post_6day,216.311142,631.6642516,278.0835789,909.7478305,1228.659531,127.839732,1655.07625,1067.381136,31.1402866,121.6824217,71.86475849,72.82291272,60.21016199,50.27676801,79.32578279,20.52693084,148.8555887,0.597453048,41.26655862,61.77011237,180.1386321,602.3008899,44.53602897,71.79822786,220.5776319,246.2836412,24.62642677,37.17012572,94.00713452
X1bot30..1bot30_151218.wiff..sample.1..,eucbot,bot-30,warm,pre_heatwave,113.2475772,635.4838805,315.0118948,950.4957753,1235.692355,103.5576767,1279.763255,783.5392242,26.26999624,101.0010216,41.56645552,46.1425997,42.37834579,29.06680176,56.09556096,18.62484081,106.6236431,0.500065401,27.35589866,30.74109943,80.04399864,353.792852,34.62504425,47.60629367,115.9259594,218.8039494,27.45339501,36.1093608,69.69468907
X7bot6..7bot6_151218.wiff..sample.1..,eucbot,bot-6,home,heatwave,566.9515777,852.8236577,383.2973225,1236.12098,1589.858968,149.040942,2164.514208,1371.804234,36.85897627,103.7547316,73.86770191,79.60978839,64.67704816,60.16365174,92.42567438,29.54729067,191.5971604,0.598224972,46.30711463,103.7030503,530.6635169,624.2465742,41.56658006,71.52492594,576.7128723,267.1624575,30.862598,55.2586574,163.9233532
X9bot6..9bot6_151218.wiff..sample.1..,eucbot,bot-6,home,post_1day,600.4837438,1163.503156,483.9588701,1647.462026,2158.612606,213.7415611,2611.957436,1588.317842,50.21602199,119.2260929,80.42483943,87.94541123,72.74242191,70.85353281,105.2690606,25.31065889,222.1259378,0.689053372,48.33326281,115.936881,562.338212,683.8597843,46.47690895,82.4943726,609.5742525,416.0893727,49.71797631,83.13898356,173.2973396
X14bot6..14bot6_151214.wiff..sample.1..,eucbot,bot-6,home,post_6day,305.8027456,1069.863382,416.6377669,1486.501149,1923.611275,217.5376191,2377.888152,1493.026501,50.09439851,132.5181936,76.32329904,95.89261607,63.91221104,63.25009578,84.52551336,29.27052366,202.9399465,0.816280758,47.28935097,61.24901163,268.7124462,604.8189756,50.31487705,75.70046856,311.5481292,330.2163491,35.97897819,101.8983855,163.0173529
X1bot6..1bot6_151218.wiff..sample.1..,eucbot,bot-6,home,pre_heatwave,197.8456423,1075.733128,543.7183185,1619.451446,2312.349758,225.5494631,2650.95142,1681.431618,56.96033118,200.1183132,91.71562497,117.9126229,100.3904311,63.31724473,95.50199762,46.98059249,223.9566783,1.222516914,59.13358348,58.60714968,162.8945218,779.3136514,48.98205613,101.0936117,203.0263896,562.5075592,46.9746973,66.11541519,130.5630081
X7bot7..7bot7_151214.wiff..sample.1..,eucbot,bot-7,home,heatwave,311.3754658,656.4430993,256.329208,912.7723074,1200.978447,101.770141,1347.552308,811.7751775,32.43136906,79.21305141,50.47638591,49.42791754,43.35962571,35.43460521,59.21445771,14.22275249,125.8743275,0.308849371,34.42972941,62.60198696,271.0895883,400.9477224,46.89787427,46.81452637,317.6561578,223.7292494,24.15036232,64.6421218,103.0997939
X9bot7..9bot7_151216.wiff..sample.1..,eucbot,bot-7,home,post_1day,235.6099373,638.9750609,291.1286336,930.1036945,1180.390851,109.1237477,1485.387206,954.5275566,29.91521748,93.70326779,56.05586924,60.78692394,48.85175821,38.06032546,62.30486726,22.15584125,134.3389654,0.472657858,34.18251059,65.81574807,201.7536952,456.2269164,42.41807882,52.8101947,241.2824192,184.8151332,23.40496416,60.14201347,92.94742541
X14bot7..14bot7_151218.wiff..sample.1..,eucbot,bot-7,home,post_6day,156.885789,507.6141722,265.3681238,772.982296,1046.122027,87.62459833,1190.215169,747.8768701,41.0191976,103.4381595,55.82687678,57.31176102,48.10792793,41.49890287,65.20513225,19.14418624,119.1450917,0.555083942,35.41546064,45.69854205,122.6700462,423.1043092,34.32398458,56.5018703,160.3525425,200.3499883,24.47865311,40.16907206,57.25055201
X1bot7..1bot7_151218.wiff..sample.1..,eucbot,bot-7,home,pre_heatwave,128.240288,987.2003907,484.7185468,1471.918938,2096.375237,168.659374,2376.790513,1501.480558,70.81575841,153.6362667,58.16710321,74.42840452,61.11317755,37.30039399,67.60339509,31.75286353,155.8860383,0.610194951,39.10815685,42.19686544,87.58969313,490.1323498,37.47982866,73.36398496,131.8287821,485.3154728,36.569845,56.20896327,119.1282791
X7bter2..7bter2_151214.wiff..sample.1..,eucter,bter-2,home,heatwave,323.35736,1174.942986,448.5542217,1623.497208,2337.595569,192.8846715,2693.903894,1573.418797,36.67383992,99.47688228,64.16172107,65.24944527,56.90970195,41.90711003,91.45534625,10.30766233,203.1982566,0.46449346,40.79613048,91.35365515,282.4442907,540.5593754,62.68676928,70.10787211,330.8508983,614.0112386,41.87991568,130.5437126,221.890542
X9bter2..9bter2_151218.wiff..sample.1..,eucter,bter-2,home,post_1day,170.1398807,807.8469946,350.3057387,1158.152733,1572.106375,141.4574639,1354.016065,828.5855774,30.68591424,81.6524455,47.52072776,50.84858416,46.07158494,37.94717753,58.13101282,11.49286212,143.5217312,0.44557273,34.7331909,58.07164833,139.343505,420.2588683,45.45291816,57.43778148,175.2992069,343.4450423,37.56459031,51.06055058,101.6182576
X14bter2..14bter2_151216.wiff..sample.1..,eucter,bter-2,home,post_6day,152.2166872,1141.225855,467.4568335,1608.682688,2095.870826,200.4706704,1998.91237,1151.125163,46.3592187,124.3706629,55.14015189,64.82402581,55.38079003,27.57804904,69.50309488,13.53495153,181.1233105,0.688413608,39.64182775,45.63618925,116.5637599,470.7644594,56.85366675,68.64020811,156.6651019,380.3448048,66.97916504,97.4605624,144.6780122
X1bter2..1bter2_151218.wiff..sample.1..,eucter,bter-2,home,pre_heatwave,121.9436964,858.975432,422.657328,1281.63276,1849.783733,182.3992089,1802.073936,1036.340785,44.65906985,133.0521899,54.19532472,59.06567803,53.7997692,39.69362127,46.06136643,13.51083727,148.7252079,0.733800087,37.87936653,39.62368339,89.86014281,497.7866,44.97201557,74.50680003,125.3512658,463.3179081,34.66903195,55.95987731,116.3417973
X7bter21..7bter21_151218.wiff..sample.1..,eucter,bter-21,warm,heatwave,274.8526206,535.2700701,236.6721422,771.9422123,1050.12752,117.4424491,1376.069196,877.7172522,32.43087427,82.61446041,52.82106779,52.96723473,41.99409227,31.37087541,66.0420151,8.436574567,112.51395,0.382641148,34.33623381,67.93486676,245.631529,432.0942065,41.66907689,47.75287061,280.4703785,214.4725068,22.66771056,32.98622777,101.3846019
X9bter21..9bter21_151214.wiff..sample.1..,eucter,bter-21,warm,post_1day,211.3632229,658.9425365,243.3303313,902.2728678,1227.756398,113.5783107,1682.77261,1109.812837,24.88050789,91.18038225,59.76585507,63.82451589,50.2138366,49.16299698,68.95590353,13.34305375,132.3628081,0.572099521,45.70073725,61.22204733,162.1252409,534.6706209,79.39497346,58.65330269,217.3261308,266.4344064,22.86904019,61.83967709,124.896294
X14bter21..14bter21_151216.wiff..sample.1..,eucter,bter-21,warm,post_6day,188.9636758,712.2261968,268.9274041,981.1536009,1318.539024,158.9326683,1466.067049,879.7585745,33.1365501,120.3909771,62.81160251,73.16364227,54.05933764,30.05258946,65.86105177,13.08916291,147.9719713,0.65688004,43.58764286,42.63736785,143.2661985,510.3833297,63.88963179,60.83483827,193.9887555,262.5752109,27.94621034,62.60161335,96.46495877
X1bter21..1bter21_151218.wiff..sample.1..,eucter,bter-21,warm,pre_heatwave,136.3330722,706.7150417,313.2815948,1019.996637,1357.945067,145.1152242,1479.316301,886.9293774,33.34416798,116.5693549,50.13345436,58.41759643,49.74802223,31.59401173,51.22972923,12.24776731,115.2334598,0.62236071,39.38958723,33.06076953,94.94176507,450.2209151,48.7342759,60.88064065,139.5885859,259.8856667,32.03078034,58.70525095,92.52144761
X7bter29..7bter29_151218.wiff..sample.1..,eucter,bter-29,warm,heatwave,394.4765672,529.621262,247.8662086,777.4874706,992.8609883,103.0676089,1280.994537,835.1236015,19.6576166,80.87033014,64.77961874,47.3003059,42.2896745,26.30584727,62.62231811,10.16764812,137.7824226,0.369489824,37.82397547,79.53753708,348.2060554,453.3398027,49.39173924,53.62494631,402.0633773,166.2364831,20.01419751,35.42214259,63.95957695
X9bter29..9bter29_151214.wiff..sample.1..,eucter,bter-29,warm,post_1day,380.4747308,795.2422297,306.8301894,1102.072419,1449.954122,133.6097621,1968.154703,1339.315324,23.82494825,94.35861594,73.97036244,56.5807599,49.7869101,33.32462856,70.41969024,14.09216944,170.9562356,0.611047574,44.70491727,91.7618032,325.9594205,534.4827909,69.66875539,63.10404074,389.0647141,288.8173599,27.75664778,74.8305936,107.0375315
X14bter29..14bter29_151216.wiff..sample.1..,eucter,bter-29,warm,post_6day,150.8379196,497.260641,208.8750284,706.1356694,939.6707795,104.823121,1257.65695,787.5609174,22.02477147,82.90428996,47.48879166,41.73539316,36.60001408,21.60097436,48.76305405,11.20478469,120.3936375,0.461239574,29.67956749,35.65191413,114.4264419,361.4474467,57.37850341,50.70001711,154.9053304,179.3344156,19.6591103,48.67805435,69.74017397
X1bter29..1bter29_151218.wiff..sample.1..,eucter,bter-29,warm,pre_heatwave,138.5835511,761.9717484,365.1047671,1127.076515,1522.643865,145.7460459,1787.582351,1167.612533,34.16020652,133.866802,60.2812571,55.3427616,49.67481731,32.73416481,62.17606186,15.39453633,135.2840786,0.576702551,40.08125228,35.42379353,95.62753089,469.6567399,48.28391456,67.34103245,143.0063265,313.5760277,32.50363322,49.14079429,76.41494709
X7bter30..7bter30_151218.wiff..sample.1..,eucter,bter-30,warm,heatwave,261.1799086,408.3193035,155.974764,564.2940675,774.8660267,83.16579543,1090.601266,731.9357284,14.477225,63.66493483,40.18175697,40.79212208,33.51841323,19.45340185,47.79937862,7.164537719,92.11466721,0.270416537,27.63129103,47.35882792,217.3110031,317.971552,29.82628115,43.71990141,265.758347,173.6782317,15.12587604,26.15113239,66.49752275
X9bter30..9bter30_151218.wiff..sample.1..,eucter,bter-30,warm,post_1day,283.417257,535.0488886,228.480793,763.5296816,1003.029273,109.6858762,1246.98328,798.6877076,22.99951111,81.8944914,52.21233425,51.6863774,42.71037511,34.2582085,61.72703927,8.822164552,116.0999965,0.370142863,35.79998093,60.89805129,232.4228738,423.2411445,44.88700486,56.10762891,289.0443331,190.7054219,24.79296226,37.52765018,104.4139357
X14bter30..14bter30_151218.wiff..sample.1..,eucter,bter-30,warm,post_6day,179.7116779,400.5506268,180.480646,581.0312727,823.1520768,107.3250346,1171.27459,787.6281751,18.2595569,88.06719538,52.48907496,54.89527146,43.80262545,31.28847788,54.8650586,11.87052084,109.7853627,0.456660857,34.73530404,34.72604873,130.1657954,391.9349173,42.37755603,54.56695736,184.0012444,197.9455359,18.26413981,29.82863816,63.67693546
X1bter30..1bter30_151218.wiff..sample.1..,eucter,bter-30,warm,pre_heatwave,146.1490162,505.108652,228.1331421,733.241794,1024.601649,96.09380165,1410.553906,1001.660482,24.23280228,105.5584781,46.35618298,53.80564961,46.54200288,36.04022453,51.25472042,12.5963636,93.04281609,0.430057873,40.53023355,25.44742465,78.10833429,392.2585996,46.75195314,59.9955766,149.455754,236.1007771,22.02649731,34.27432057,53.79725917
X7bter6..7bter6_151216.wiff..sample.1..,eucter,bter-6,home,heatwave,264.0263342,1003.868834,439.820661,1443.689495,1895.934958,178.8560434,2074.832614,1333.035969,34.11997156,114.9295533,64.99520169,68.74523661,56.84504972,67.68842461,78.05760875,16.29115919,169.9874277,0.532918356,46.52602948,76.77946516,204.3878455,541.7799476,67.68592869,64.22262403,271.271451,370.5662293,62.47772432,81.63965092,153.533537
X9bter6..9bter6_151214.wiff..sample.1..,eucter,bter-6,home,post_1day,293.8530507,1193.503425,480.8751965,1674.378622,2265.91333,199.41917,2191.582028,1275.273308,45.06198995,144.8377493,87.37737237,94.58952985,68.69194793,90.25656787,128.4580566,22.25871447,208.5473845,0.827669323,61.02703052,92.49604763,218.9515754,703.3716819,89.61218083,80.26871088,302.0894543,489.8021804,50.33597623,113.5947828,213.11846
X14bter6..14bter6_151218.wiff..sample.1..,eucter,bter-6,home,post_6day,205.4212903,1067.685822,515.2351039,1582.920926,2079.215486,175.42354,2129.367405,1371.495809,48.83750983,156.7094739,72.94273857,82.295566,71.89931401,74.80210235,84.65006156,23.07682568,175.5042122,0.837637751,53.0998741,54.95985552,129.261797,604.5376653,75.12505974,82.70593794,211.2319592,389.8561168,50.93479994,61.7168958,136.8672317
X1bter6..1bter6_151218.wiff..sample.1..,eucter,bter-6,home,pre_heatwave,176.4061932,834.0442794,391.3924629,1225.436742,1734.500308,137.3268288,1699.282399,1102.764329,38.40016786,129.2890838,73.72008955,73.56797021,63.48900196,65.57960104,112.6361814,20.92186404,143.8756278,1.083728547,49.70513961,47.82164759,121.1291899,594.672941,67.23636148,80.89546975,181.9369012,425.8192207,37.66518801,60.35984284,104.0552518
X7bter7..7bter7_151218.wiff..sample.1..,eucter,bter-7,home,heatwave,208.4024522,907.9313714,363.6605045,1271.591876,1698.597695,176.0668123,1888.157723,1178.115055,37.0903535,124.6315141,62.12084956,65.80809512,60.47617397,60.4709847,88.73225058,15.8806165,167.9129151,0.494441269,43.8207623,55.6576526,159.9145552,495.4687099,55.56547864,61.0726173,215.2473117,342.0741446,33.39117128,69.7034592,145.2205303
X9bter7..9bter7_151218.wiff..sample.1..,eucter,bter-7,home,post_1day,202.1735586,854.8855569,396.2575592,1251.143116,1653.48246,150.3595188,1676.387807,1021.516773,37.79533868,117.0246692,66.0290824,69.32441735,60.86737269,65.98373033,93.86400906,19.50447587,164.3899332,0.51065309,46.9180648,57.22077249,143.2640793,526.2713111,75.95267305,67.16910822,208.8630203,320.1296746,41.8941542,67.88353824,134.6908429
X14bter7..14bter7_151214.wiff..sample.1..,eucter,bter-7,home,post_6day,212.9608586,1082.737931,399.9813567,1482.719287,1847.740219,134.9989591,1619.936843,890.3152687,57.23019119,148.0435065,75.1463364,87.45862745,72.03713714,61.54600378,80.53032207,18.14664606,182.2318748,0.988604584,58.23287809,48.79859195,150.8025436,607.2967122,88.9076311,76.18234755,218.8412482,259.5386893,37.39290043,92.11418759,129.5846634
X1bter7..1bter7_151218.wiff..sample.1..,eucter,bter-7,home,pre_heatwave,159.408368,871.2643421,422.9430971,1294.207439,1893.624333,170.6252868,2123.151023,1344.664723,43.03700144,150.4257028,65.39814497,74.51426059,65.67702519,54.97552052,68.32017286,17.41920045,163.2855255,0.861747734,46.39824715,43.6140154,109.8998866,594.7036987,57.88028557,86.30535665,164.1494205,496.9009627,39.63361457,58.77622657,125.0375671
X7smit11..7smit11_151216.wiff..sample.1..,eucsmi,smit-11,home,heatwave,420.3282612,1100.146267,484.7036175,1584.849885,2172.99481,149.0064336,2108.893812,1222.450872,41.78792668,112.5483957,63.17790034,71.33696337,55.78588329,32.95598012,105.9835297,13.53278709,188.8260976,0.307606022,47.81314382,112.7330264,364.069557,620.4982508,61.77990321,79.22844018,428.3797909,484.0688779,38.99065805,94.56469375,151.6959828
X9smit11..9smit11_151218.wiff..sample.1..,eucsmi,smit-11,home,post_1day,329.5248852,800.9481796,379.7056972,1180.653877,1538.811948,113.8281238,1590.552542,980.9719771,31.43420476,131.9667131,87.96669824,87.19290874,67.35012415,51.4756181,158.0628401,16.98871004,171.9350837,0.433716788,58.89759146,107.6488872,274.5871732,712.4148742,68.61493035,91.1382029,338.6707722,284.0135006,31.76295163,57.47304845,120.4810754
X14smit11..14smit11_151214.wiff..sample.1..,eucsmi,smit-11,home,post_6day,273.1989732,1090.892318,440.3697048,1531.262023,2025.613433,122.788993,2205.064887,1265.076495,63.73152064,121.9313106,60.51598833,76.05234667,54.17671195,36.02324515,106.7291526,21.46974839,176.6738607,0.703863067,45.38402178,83.58776877,226.3046786,613.0230929,56.77104891,83.01351976,278.3084643,365.9101568,49.4444194,107.6328877,173.7282083
X1smit11..1smit11_151214.wiff..sample.1..,eucsmi,smit-11,home,pre_heatwave,229.1067807,1000.548129,490.7301603,1491.27829,1976.067744,132.1144332,2538.422966,1717.069552,42.49161979,151.1120711,75.65730078,90.87776125,71.4903524,55.87219824,144.4210066,25.51117202,182.9612675,1.228212743,58.33116058,60.74488662,166.5797312,736.9705771,89.49257072,105.1731229,235.8867472,383.9031566,44.45386198,93.99070229,141.5162316
X7smit2..7smit2_151214.wiff..sample.1..,eucsmi,smit-2,home,heatwave,493.1352842,852.5779309,315.715822,1168.293753,1532.923804,120.7178673,1692.016904,865.9663705,48.93033697,117.7696692,81.40297397,82.65810627,69.99349703,39.50142776,132.953251,15.3111093,211.8355884,0.283164286,50.74765051,124.0681971,443.8201768,703.2787977,63.02432095,75.55728159,503.6140841,271.2440454,47.78797477,78.96267944,151.7347379
X9smit2..9smit2_151216.wiff..sample.1..,eucsmi,smit-2,home,post_1day,407.7317341,1073.469866,430.3990289,1503.868895,1922.090674,157.2191415,2121.815237,1348.107957,36.372346,118.7402082,80.46523226,84.12254008,66.30257658,42.70301687,111.9657675,16.66165264,200.3486661,0.307001503,53.74725196,122.7853271,357.3348439,705.7806204,61.79612256,84.06504789,415.9597645,329.561984,61.94383705,86.08174165,133.1977573
X14smit2..14smit2_151218.wiff..sample.1..,eucsmi,smit-2,home,post_6day,210.937343,962.5636397,384.9355118,1347.499151,1751.031253,109.8685114,1016.488754,503.2279363,47.33032784,131.0634432,66.04011773,76.11671249,60.81816087,39.52077395,94.67413362,16.32512928,152.3161734,0.417359476,42.80650376,53.42222526,163.5383301,510.139195,61.61196064,70.46862317,215.459974,311.8543941,34.71289566,82.07638252,83.38619786
X1smit2..1smit2_151217.wiff..sample.1..,eucsmi,smit-2,home,pre_heatwave,164.2435082,960.4862328,484.4281513,1444.914384,1933.247952,155.7178725,2048.540872,1247.761953,45.64022418,143.3901904,67.3943179,76.71199794,62.1313649,40.76115857,127.8943213,22.64519301,157.635585,0.79852797,44.71984829,43.57330314,112.3810215,551.365157,57.06124508,82.33537155,169.6005414,379.7162612,39.15082902,84.46842146,109.4048364
X7smit22..7smit22_151218.wiff..sample.1..,eucsmi,smit-22,warm,heatwave,461.5251033,891.472121,397.7804936,1289.252615,1741.220288,137.8970852,2169.114366,1423.565052,35.96955621,128.0929618,76.09079875,76.87126395,66.7586221,38.51393176,115.3956913,17.24282211,166.3307484,0.254653673,52.05151932,94.54870852,398.0427161,613.7821855,72.7667207,79.02599545,469.9824571,367.0280616,36.71783994,74.86269043,104.4666643
X9smit22..9smit22_151214.wiff..sample.1..,eucsmi,smit-22,warm,post_1day,369.8860841,737.4817559,296.3088424,1033.790598,1335.568639,93.38756572,1435.206348,880.0544876,26.67354137,101.9934426,64.96239489,62.9265481,56.65400017,33.26747061,91.20753663,16.00600457,141.9586118,0.215156003,41.78907476,82.00572761,312.1159475,534.0052323,65.8184433,66.07249665,378.0340432,239.8644796,26.25279984,72.11078524,89.95020274
X14smit22..14smit22_151218.wiff..sample.1..,eucsmi,smit-22,warm,post_6day,229.7021559,710.1795769,298.2392745,1008.418851,1328.614439,116.981338,1547.396817,967.0370066,47.13807293,119.3682997,59.75684589,69.09715261,53.37035663,34.66463821,86.81669683,16.63384259,138.3789419,0.342199085,39.94672289,63.58894957,182.8162394,542.4211865,47.3712281,70.16058827,234.8307698,228.8343586,43.63737216,52.87330491,79.74782864
X1smit22..1smit22_151216.wiff..sample.1..,eucsmi,smit-22,warm,pre_heatwave,144.2278914,824.609584,430.4780284,1255.087612,1735.127892,127.834577,2007.358543,1290.672706,62.72214906,129.7367195,53.77532932,62.59321875,49.32022447,38.68675144,85.42625034,16.95252962,132.1006043,0.373015709,38.0861628,39.13991665,88.37474755,484.6277981,58.68466848,71.27963312,148.4357992,363.7786865,34.50524412,78.28212299,109.0872655
X7smit23..7smit23_151218.wiff..sample.1..,eucsmi,smit-23,warm,heatwave,335.8200026,776.567442,391.9607064,1168.528148,1528.159453,101.3157497,1263.606228,662.2075753,27.27965975,96.32630856,57.96373758,59.72429341,47.72392702,28.4118484,73.78717699,11.97983576,144.8411237,0.17936805,37.8972181,77.84974455,295.8330721,482.235467,37.20076135,59.60947387,343.5395289,288.8636017,29.77570312,47.07971671,91.70687485
X9smit23..9smit23_151216.wiff..sample.1..,eucsmi,smit-23,warm,post_1day,359.6089809,1043.572393,437.1010912,1480.673484,1823.947566,130.2385629,1787.193795,996.7629919,31.24150679,122.7208777,76.48539826,75.85361079,55.1138365,35.16494919,92.95334021,14.19663835,182.8132798,0.207710123,48.33978872,102.5000275,309.5013095,628.3257353,59.59030053,77.32058584,368.6814287,259.7091197,37.33977189,84.82775376,132.770809
X14smit23..14smit23_151218.wiff..sample.1..,eucsmi,smit-23,warm,post_6day,249.882803,977.6613345,445.2877996,1422.949134,1936.93817,155.6296175,1912.780603,1129.028812,43.4950156,149.584798,80.45109335,84.24166825,62.26089662,42.48566455,107.3981645,18.72647233,181.2897172,0.61855546,47.66792525,69.35582283,197.79033,618.6307232,45.31408494,79.38218831,256.2764223,436.1579461,48.73558753,78.89953207,107.212625
X1smit23..1smit23_151214.wiff..sample.1..,eucsmi,smit-23,warm,pre_heatwave,156.0659658,1104.747013,444.5609932,1549.308006,2230.576554,151.631215,2682.268305,1720.112678,66.57418793,149.5182917,58.38047957,67.03728504,59.30556108,30.86102787,67.96421861,15.69710535,165.1269193,0.52263,40.13595781,44.43934929,104.9242042,488.2572262,57.77310674,70.26745125,160.3683407,556.2031517,49.32824116,120.1539448,177.3999245
X7smit28..7smit28_151214.wiff..sample.1..,eucsmi,smit-28,warm,heatwave,448.866326,888.0454937,336.6738961,1224.71939,1747.518259,136.2294556,1756.255842,975.0914764,48.83657679,106.1515257,64.84328994,68.69950061,49.32709413,31.16922545,101.4369056,13.9870513,163.4628795,0.327820403,41.71384673,91.76089298,393.7179935,557.4964713,68.78910648,67.79604802,455.9844011,426.7813821,33.9210097,84.25911909,141.1126599
X9smit28..9smit28_151218.wiff..sample.1..,eucsmi,smit-28,warm,post_1day,305.8864533,697.5758603,305.7084445,1003.284305,1362.664939,123.9690191,1488.140331,864.6056755,27.50238667,98.27326725,57.51832342,56.57201446,43.85173241,30.89215108,91.88555752,14.74151114,130.2391463,0.249304397,35.07276238,82.4448132,263.2503479,524.1345095,54.38842516,72.66887473,311.1330829,283.3238734,30.11658507,43.86201055,101.9521966
X14smit28..14smit28_151218.wiff..sample.1..,eucsmi,smit-28,warm,post_6day,234.2805554,751.7910353,347.7767959,1099.567831,1488.972115,133.7514495,1813.441171,1092.173114,34.71612342,124.7902169,59.95612833,64.88858159,47.99731477,34.04035715,94.05701291,16.66352817,133.5049711,0.529303129,36.24383691,62.79673212,185.1503923,547.8196971,52.92175136,76.25868754,238.4015986,296.4092343,32.76519185,48.06076767,113.710153
X1smit28..1smit28_151214.wiff..sample.1..,eucsmi,smit-28,warm,pre_heatwave,150.7913848,895.1395548,380.9228019,1276.062357,1887.008713,151.3779395,1978.23308,1172.113491,36.15428037,124.3282294,64.02401453,69.91314054,48.72486107,36.00834531,123.7690377,18.54932227,150.6041409,0.765452522,38.58857568,44.60672743,96.17121359,517.2522413,62.83503599,76.71202859,155.6823521,520.005082,40.79016731,92.79943293,150.15623
X7smit9..7smit9_151214.wiff..sample.1..,eucsmi,smit-9,home,heatwave,392.1365735,1059.3083,375.4014044,1434.709704,1936.442092,148.1448136,2305.899293,1458.624012,40.95624666,127.0021657,73.55662705,76.92422346,61.52113716,38.55694371,135.5299992,16.27676438,190.3812418,0.253803463,49.04537884,105.8254258,338.2991352,646.9625225,66.97198482,81.82244903,400.853785,412.489349,46.48883083,103.116642,170.1817541
X9smit9..9smit9_151218.wiff..sample.1..,eucsmi,smit-9,home,post_1day,326.4200491,849.2383076,385.8698022,1235.10811,1677.068892,131.3006959,1585.758785,899.037572,43.3252321,135.2169607,86.72535695,93.48767958,68.61815316,53.13901015,152.7677595,28.98358226,190.3768353,0.296900523,53.79215884,117.6924548,274.3225705,749.6545461,51.74891017,86.72954476,334.646636,352.5510999,35.77610149,57.51835516,137.5851092
X14smit9..14smit9_151218.wiff..sample.1..,eucsmi,smit-9,home,post_6day,239.8500305,713.3800892,354.6190585,1067.999148,1552.194326,140.3122139,1659.877566,977.4355913,34.76877272,179.5659171,112.2375465,103.5696296,74.58633796,65.42994571,220.823674,25.78597879,184.3763623,0.593094765,56.70114182,71.32583503,188.6987902,728.5636806,62.6652969,100.0273125,248.9946533,401.5091253,37.96515494,49.31288498,105.495643
X1smit9..1smit9_151217.wiff..sample.1..,eucsmi,smit-9,home,pre_heatwave,165.0649727,789.2929309,352.4270039,1141.719935,1565.322131,123.0013843,1528.089071,912.5029487,33.36413577,126.8597004,71.87981037,72.85844602,57.74694092,41.5375246,137.2056306,21.39257505,139.8108057,0.423650907,44.66841791,43.06703078,116.7584311,553.900503,65.25968258,78.99138215,170.1720243,344.063239,49.56680939,62.38317335,96.96953724
NumProteins,,,,,70,35,19,54,82,14,30,5,4,63,29,36,41,59,83,34,90,2,48,28,52,462,24,99,79,7,1,1,3
